Question,Answers,Comment,Instructions,Render as
"__艶__めかしい","なま","艶 → JPDB Kanji Freq: 1789","漢字の読みを入力してください","Text"
"__貪__欲，__貪__食，__貪__婪","ドン","貪 → JPDB Kanji Freq: 2105","漢字の読みを入力してください","Text"
"__陵__
〔雅〕天皇・皇后の墓。御陵。山陵。","みささぎ","陵 → JPDB Kanji Freq: 2194","漢字の読みを入力してください","Text"
"柵
①まとわりついてはなれない〈状態／もの〉。
「人情の━」
②〔雅〕くいを打ちならべ、これに竹や木を横にゆわえつけて水の流れをとめる設備。","しがらみ","柵 → JPDB Kanji Freq: 2279","漢字の読みを入力してください","Text"
"__疎__む，__疎__ましい，__疎__い","うと","疎 → JPDB Kanji Freq: 1860","漢字の読みを入力してください","Text"
"__萎__れる
①〔草木などが〕弱って元気がなくなる。
「葉が━」
②元気をなくして、悲しそうにする。
「いやにしおれているね」","しお","萎 → JPDB Kanji Freq: 1841","漢字の読みを入力してください","Text"
"__繭__糸，蚕__繭__","ケン","繭 → JPDB Kanji Freq: 2490","漢字の読みを入力してください","Text"
"__摩__る
①（痛みがなくなるように）からだを、手で何度も軽くこする。
「背中を━」
②なでる。
「生地を━」","さす","摩 → JPDB Kanji Freq: 1562","漢字の読みを入力してください","Text"
"筆__墨__，白__墨__，遺__墨__","ボク","墨 → JPDB Kanji Freq: 1962","漢字の読みを入力してください","Text"
"__濁__声","だみ","濁 → JPDB Kanji Freq: 1748","漢字の読みを入力してください","Text"
"__弄__る
手でいじる。もてあそぶ。
「手先で━」","まさぐ","弄 → JPDB Kanji Freq: 1659","漢字の読みを入力してください","Text"
"__漁__り，__漁__る
〔雅〕漁(りょう)。漁師。
漁る｟他五｠。","すなど","漁 → JPDB Kanji Freq: 1705","漢字の読みを入力してください","Text"
"__蓋__し
〔文〕考えてみると。たしかに。
「━名言である」","けだ","蓋 → JPDB Kanji Freq: 1674","漢字の読みを入力してください","Text"
"甲__殻__，地__殻__","カク","殻 → JPDB Kanji Freq: 1811","漢字の読みを入力してください","Text"
"__挿__げる
さしこむ。はめこむ。また、穴に通して結びつける。「こけしの首を―げる」「げたの鼻緒を―げる」","す","挿 → JPDB Kanji Freq: 1700","漢字の読みを入力してください","Text"
"細__菌__，殺__菌__，保__菌__者","キン","菌 → JPDB Kanji Freq: 1876","漢字の読みを入力してください","Text"
"__骸__
〔文〕死体。なきがら。","むくろ","骸 → JPDB Kanji Freq: 1730","漢字の読みを入力してください","Text"
"__繊__細，__繊__維，化__繊__","セン","繊 → JPDB Kanji Freq: 1919","漢字の読みを入力してください","Text"
"__宰__領，__宰__相，主__宰__","サイ","宰 → JPDB Kanji Freq: 1823","漢字の読みを入力してください","Text"
"__崇__拝，__崇__高","スウ","崇 → JPDB Kanji Freq: 2080","漢字の読みを入力してください","Text"
"__戯__ける
あいきょうのある言い方や身ぶりで、ふざける。
「戯けたしぐさ」","おど","戯 → JPDB Kanji Freq: 1544","漢字の読みを入力してください","Text"
"__飢__餓，__飢__渇","キ","飢 → JPDB Kanji Freq: 2017","漢字の読みを入力してください","Text"
"__弄__う
〘五他〙いじる。もてあそぶ。さわる。","いら","弄 → JPDB Kanji Freq: 1659","漢字の読みを入力してください","Text"
"__垂__とする
まさにそうなろうとする。もう少しでなろうとしている。「百歳に―する老人」 「観客は五万に―する」
参考「なりなんとする」の転じたもの。","なんなん","垂 → JPDB Kanji Freq: 1398","漢字の読みを入力してください","Text"
"__著__く
〔文〕はっきり見えるようす。
「夜目にも━見える」","しる","著 → JPDB Kanji Freq: 1582","漢字の読みを入力してください","Text"
"__妬__く
嫉妬する。ねたむ。
「女房の━ほど亭主もてもせず」","や","妬 → JPDB Kanji Freq: 1545","漢字の読みを入力してください","Text"
"__塊__，一__塊__","かたまり","塊 → JPDB Kanji Freq: 1538","漢字の読みを入力してください","Text"
"__痩__ける
肉がおちる。
「ほおが━・やせ━」","こ","痩 → JPDB Kanji Freq: 1708","漢字の読みを入力してください","Text"
"__倫__理，人__倫__，絶__倫__","リン","倫 → JPDB Kanji Freq: 1736","漢字の読みを入力してください","Text"
"__潤__びる
｟自上一｠
〔水分をふくんで〕うるおう。やわらかになる。","ほと","潤 → JPDB Kanji Freq: 1651","漢字の読みを入力してください","Text"
"__網__，__網__戸","あみ","網 → JPDB Kanji Freq: 1611","漢字の読みを入力してください","Text"
"__舟__運，__舟__艇，__舟__航","シュウ","舟 → JPDB Kanji Freq: 1955","漢字の読みを入力してください","Text"
"__繁__吹く
①雨のまじった風が吹きつける。はげしい雨が降りしきる。「台風の雨が―く」
②しぶきが飛び散る。","し","繁 → JPDB Kanji Freq: 1601","漢字の読みを入力してください","Text"
"__鎖__す
〔文〕とじる。しめる。
「木戸を━」","さ","鎖 → JPDB Kanji Freq: 1406","漢字の読みを入力してください","Text"
"__凍__みる
［自上一］水などがこおりつく。また、寒気が厳しくて、こおるように感じる。
「雪が凍みる」「ひどく凍みる夜」","し","凍 → JPDB Kanji Freq: 1410","漢字の読みを入力してください","Text"
"__庶__民，__庶__務","ショ","庶 → JPDB Kanji Freq: 2043","漢字の読みを入力してください","Text"
"__寛__大，__寛__容，__寛__厳","カン","寛 → JPDB Kanji Freq: 1971","漢字の読みを入力してください","Text"
"__幽__し，__幽__き","かそけ","幽 → JPDB Kanji Freq: 1439","漢字の読みを入力してください","Text"
"__均__す・平す
①平らにする。
「土地を━」
②平均する。
「日数でならして計算する」","なら","均 → JPDB Kanji Freq: 1511","漢字の読みを入力してください","Text"
"__賢__しい","さか","賢 → JPDB Kanji Freq: 1341","漢字の読みを入力してください","Text"
"__狭__める，__狭__まる","せば","狭 → JPDB Kanji Freq: 1273","漢字の読みを入力してください","Text"
"__拒__む
求められても受け入れない気持ちをあらわす。ことわる。
「申し出を━・受け取りを━」","こば","拒 → JPDB Kanji Freq: 1337","漢字の読みを入力してください","Text"
"__塗__す","まぶ","塗 → JPDB Kanji Freq: 1355","漢字の読みを入力してください","Text"
"__藩__主，廃__藩__","ハン","藩 → JPDB Kanji Freq: 1693","漢字の読みを入力してください","Text"
"__逸__る
〔そのことをはやくしたくて〕興奮状態になる。
「━〔＝走り出そうと興奮する〕馬・━心をしずめる・〘野球〙打ち気に━」","はや","逸 → JPDB Kanji Freq: 1345","漢字の読みを入力してください","Text"
"__副__う，__副__える","そ","副 → JPDB Kanji Freq: 1151","漢字の読みを入力してください","Text"
"好__餌__，食__餌__","ジ","餌 → JPDB Kanji Freq: 1684","漢字の読みを入力してください","Text"
"__如__く
およぶ。匹敵する。下に打ち消しや反語を伴う。「これに―くものはなし」","し","如 → JPDB Kanji Freq: 1119","漢字の読みを入力してください","Text"
"__塞__く・堰く，__塞__き止める
〔流れなどを〕さえぎり止める。
「今まで心地よく流れていた談話が急に塞き止められた」
「伝染病の蔓延を━」","せ","塞 → JPDB Kanji Freq: 1319","漢字の読みを入力してください","Text"
"__革__，__革__靴","かわ","革 → JPDB Kanji Freq: 1347","漢字の読みを入力してください","Text"
"__績__む
〔古風〕麻・苧麻などの繊維をより合わせて糸にする。糸をよる。
「麻を績む」","う","績 → JPDB Kanji Freq: 1216","漢字の読みを入力してください","Text"
"__仰__け反る","の","仰 → JPDB Kanji Freq: 1176","漢字の読みを入力してください","Text"
"__須__臾，__須__要
短い時間。しばらくの間。ほんの少しの間。","シュ","須 → JPDB Kanji Freq: 1503","漢字の読みを入力してください","Text"
"__侍__る
〔身分の高い人の〕そばにひかえている。
「客の席に━・美女を侍らせる」","はべ","侍 → JPDB Kanji Freq: 1374","漢字の読みを入力してください","Text"
"__滑__る
〘五自〙濡れてぬるぬるとすべる。ぬらぬらする。","ぬめ","滑 → JPDB Kanji Freq: 1228","漢字の読みを入力してください","Text"
"宣う
①〔文〕「言う」の尊敬語。おっしゃる。
「わが師の━には…」
②「言う」の、皮肉やからかいをこめた言い方。
「むすこは平然とそうのたまった」","のたま","宣 → JPDB Kanji Freq: 1224","漢字の読みを入力してください","Text"
"__泥__む｟自五｠
〔文〕①こだわる。ひっかかる。
「旧習に━」
②さまたげられて進まない。とどこおる。☞暮れなずむ。
③なれ親しむ。なじむ。","なず","泥 → JPDB Kanji Freq: 1329","漢字の読みを入力してください","Text"
"__塗__れる","まみ","塗 → JPDB Kanji Freq: 1355","漢字の読みを入力してください","Text"
"__丘__陵，砂__丘__","キュウ","丘 → JPDB Kanji Freq: 1525","漢字の読みを入力してください","Text"
"__埋__ける〔古風〕
①炭火を（灰の中に）うめる。
②地面にうめ（て立て）る。","い","埋 → JPDB Kanji Freq: 1108","漢字の読みを入力してください","Text"
"__則__る
〔文〕法則・手本としてしたがう。
「故実に━・先例に━」","のっと","則 → JPDB Kanji Freq: 1290","漢字の読みを入力してください","Text"
"秀__峰__，霊__峰__，連__峰__","ホウ","峰 → JPDB Kanji Freq: 1669","漢字の読みを入力してください","Text"
"__琴__線，木__琴__，手風__琴__","キン","琴 → JPDB Kanji Freq: 1670","漢字の読みを入力してください","Text"
"__随__に","まにま","随 → JPDB Kanji Freq: 1109","漢字の読みを入力してください","Text"
"__畳__語，重__畳__","ジョウ","畳 → JPDB Kanji Freq: 1648","漢字の読みを入力してください","Text"
"__奉__行","ブ","奉 → JPDB Kanji Freq: 1549","漢字の読みを入力してください","Text"
"__岸__，向こう__岸__","きし","岸 → JPDB Kanji Freq: 1352","漢字の読みを入力してください","Text"
"__諸__々","もろ","諸 → JPDB Kanji Freq: 1261","漢字の読みを入力してください","Text"
"__徹__す","とお","徹 → JPDB Kanji Freq: 1338","漢字の読みを入力してください","Text"
"__郷__士，近__郷__，在__郷__","ゴウ","郷 → JPDB Kanji Freq: 1223","漢字の読みを入力してください","Text"
"__焦__れる，__焦__らす
不安に思って心がせく。いらだつ。","じ","焦 → JPDB Kanji Freq: 981","漢字の読みを入力してください","Text"
"__魚__，__魚__市場","うお","魚 → JPDB Kanji Freq: 931","漢字の読みを入力してください","Text"
"吹き__荒__ぶ，__荒__ぶ","すさ","荒 → JPDB Kanji Freq: 893","漢字の読みを入力してください","Text"
"__屈__める，__屈__む
①かがんだ状態にする。
「身を━・腰を━」
②腰やひざを折り曲げて低い姿勢をとる。
「ひざを━」","かが","屈 → JPDB Kanji Freq: 1021","漢字の読みを入力してください","Text"
"濡れ__衣__，濡れ__衣__を着せる","きぬ","衣 → JPDB Kanji Freq: 855","漢字の読みを入力してください","Text"
"一__枚__・一__片__
〔文〕平らでうすく、かろやかなもの〈一つ／一枚〉。
「━の雲・━の花びら」","ひとひら,ひら","枚 → JPDB Kanji Freq: 811","漢字の読みを入力してください","Text"
"__包__まる","くる","包 → JPDB Kanji Freq: 838","漢字の読みを入力してください","Text"
"__操__，__操__を立てる，__操__を守る","みさお","操 → JPDB Kanji Freq: 863","漢字の読みを入力してください","Text"
"__委__ねる
①（すっかり）人にまかせる。
「事業を━・結論は読者に━」
②ささげる。
「教育に身を━」","ゆだ","委 → JPDB Kanji Freq: 946","漢字の読みを入力してください","Text"
"__麗__らか，__麗__ら
〔雅〕①天気がよく、あたたかで、おだやかな（春の）ようす。
②おだやかで明るいようす。「ヒバリの━な声」","うら","麗 → JPDB Kanji Freq: 805","漢字の読みを入力してください","Text"
"__額__ずく
〔文〕①頭を地につけて礼をする。「神前に━」
②ていねいに礼をする。「額ずいてあやまる」","ぬか","額 → JPDB Kanji Freq: 1000","漢字の読みを入力してください","Text"
"__覆__面，転__覆__","フク","覆 → JPDB Kanji Freq: 1169","漢字の読みを入力してください","Text"
"__縁__・所縁
なんらかの関わり合い。因縁。「文豪ゆかりの地」「縁もゆかりもない」","ゆかり","縁 → JPDB Kanji Freq: 1026","漢字の読みを入力してください","Text"
"普__請__","シン","請 → JPDB Kanji Freq: 1237","漢字の読みを入力してください","Text"
"__削__る
①金属や材木などの表面を少しずつけずって取る。「柱の面を―る」
②皮をはぐ。","はつ","削 → JPDB Kanji Freq: 1028","漢字の読みを入力してください","Text"
"__厳__つい
〔からだつき・顔つきなどが〕ごつごつしてがんじょうそう（で、おそろしい感じ）だ。
「━肩」","いか","厳 → JPDB Kanji Freq: 895","漢字の読みを入力してください","Text"
"又__候__
〔よくないことについて〕またしても。▽「またに候そうろう」の転。望ましくない場合に言う。
「━批判が起こりそうだ」","ぞろ","候 → JPDB Kanji Freq: 1057","漢字の読みを入力してください","Text"
"__侍__従，__侍__女，__侍__医","ジ","侍 → JPDB Kanji Freq: 1374","漢字の読みを入力してください","Text"
"__尾__，__尾__頭付き，__尾__根","お","尾 → JPDB Kanji Freq: 902","漢字の読みを入力してください","Text"
"__奇__しき，__奇__しくも","く","奇 → JPDB Kanji Freq: 802","漢字の読みを入力してください","Text"
"__狂__れる
精神状態がふつうでなくなる。くるう。「気が―れる」","ふ","狂 → JPDB Kanji Freq: 1060","漢字の読みを入力してください","Text"
"払__拭__，__拭__浄
はらいぬぐうこと。すっかり取り除くこと。
- 偏見を払拭した。
- 古臭いイメージを払拭する。","ショク","拭 → JPDB Kanji Freq: 1371","漢字の読みを入力してください","Text"
"__勤__しむ
精を出してはげむ。
「仕事に━・勉学に━」","いそ","勤 → JPDB Kanji Freq: 1063","漢字の読みを入力してください","Text"
"__狩__猟","シュ","狩 → JPDB Kanji Freq: 1272","漢字の読みを入力してください","Text"
"__象__る","かたど","象 → JPDB Kanji Freq: 584","漢字の読みを入力してください","Text"
"__減__り込む
重みなどで深く入りこむ。「ぬかるみに―む」","め","減 → JPDB Kanji Freq: 640","漢字の読みを入力してください","Text"
"__騒__く
［自五］〔古風〕浮かれさわぐ。また、ひやかして歩く。
「花見客が騒く」","ぞめ","騒 → JPDB Kanji Freq: 776","漢字の読みを入力してください","Text"
"__済__す〔東京などの方言〕
借りたものを返す。
「借金を━・この本、なしといて」","な","済 → JPDB Kanji Freq: 604","漢字の読みを入力してください","Text"
"__科__を作る
① なまめかしいしぐさをする。女性が男性の気を引く艶めかしい仕草や態度を見せること。「―・ってにっこり笑いかける」
② 上品そうなようすをする。体裁を整える。","しな","科 → JPDB Kanji Freq: 703","漢字の読みを入力してください","Text"
"__魂__胆，霊__魂__，商__魂__","コン","魂 → JPDB Kanji Freq: 1049","漢字の読みを入力してください","Text"
"__黄__葉，__黄__道","コウ","黄 → JPDB Kanji Freq: 1052","漢字の読みを入力してください","Text"
"__妙__なる","たえ","妙 → JPDB Kanji Freq: 726","漢字の読みを入力してください","Text"
"__桜__花，観__桜__","オウ","桜 → JPDB Kanji Freq: 977","漢字の読みを入力してください","Text"
"__与__る","あずか","与 → JPDB Kanji Freq: 652","漢字の読みを入力してください","Text"
"__端__数，半__端__，軒__端__","は","端 → JPDB Kanji Freq: 562","漢字の読みを入力してください","Text"
"風__袋__，郵__袋__","タイ","袋 → JPDB Kanji Freq: 994","漢字の読みを入力してください","Text"
"__寂__然，__寂__として","セキ","寂 → JPDB Kanji Freq: 942","漢字の読みを入力してください","Text"
"__蔵__書，貯__蔵__，土__蔵__","ゾウ","蔵 → JPDB Kanji Freq: 1043","漢字の読みを入力してください","Text"
"__詰__る
ひどいではないかと、とがめて責める。
「約束を破ったことを━」","なじ","詰 → JPDB Kanji Freq: 735","漢字の読みを入力してください","Text"
"一__矢__を報いる","シ","矢 → JPDB Kanji Freq: 983","漢字の読みを入力してください","Text"
"__拳__骨","ゲン","拳 → JPDB Kanji Freq: 1080","漢字の読みを入力してください","Text"
"__刺__
①植物の茎や葉などにある針のような突起。「バラの―」
②木や竹の、そげて先端がとがっているもの。また、魚の小骨。「指に―がささる」
③人の心を刺すようなもの。「―のある言葉」","とげ","刺 → JPDB Kanji Freq: 692","漢字の読みを入力してください","Text"
"__黙__し難い，__黙__す","もだ","黙 → JPDB Kanji Freq: 566","漢字の読みを入力してください","Text"
"興味__津__々，天__津__飯","シン","津 → JPDB Kanji Freq: 992","漢字の読みを入力してください","Text"
"__勤__行","ゴン","勤 → JPDB Kanji Freq: 1063","漢字の読みを入力してください","Text"
"__商__う，__商__い","あきな","商 → JPDB Kanji Freq: 620","漢字の読みを入力してください","Text"
"__互__に
〔雅〕たがいに。
「━思う」","かたみ","互 → JPDB Kanji Freq: 760","漢字の読みを入力してください","Text"
"__博__労，__博__徒","バク","博 → JPDB Kanji Freq: 1077","漢字の読みを入力してください","Text"
"__退__く，__退__ける
後ろに下がる。退却する。
「兵を退いて機を待つ」 「一歩退いて形勢を窺う」 
「現役を退く」 「身を退く」 「退き際が良い」 「潮が退く」","ひ","退 → JPDB Kanji Freq: 548","漢字の読みを入力してください","Text"
"__普__く","あまね","普 → JPDB Kanji Freq: 355","漢字の読みを入力してください","Text"
"__古__
「むかし」の古い言い方。「━の奈良の都」","いにしえ","古 → JPDB Kanji Freq: 478","漢字の読みを入力してください","Text"
"__支__う｟他五｠
①間に当てがって、支えにする。
「しんばり棒を━」
②〔話〕〔かぎなどを〕かける。ロックする。","か","支 → JPDB Kanji Freq: 462","漢字の読みを入力してください","Text"
"__育__む","はぐく","育 → JPDB Kanji Freq: 503","漢字の読みを入力してください","Text"
"__幸__先","さい","幸 → JPDB Kanji Freq: 362","漢字の読みを入力してください","Text"
"__接__ぐ
ぬいあわせて、つなぐ。
「接ぎあわせる」","は","接 → JPDB Kanji Freq: 545","漢字の読みを入力してください","Text"
"菩__提__，菩__提__を弔う","ダイ","提 → JPDB Kanji Freq: 749","漢字の読みを入力してください","Text"
"__吹__聴
①言いふらすこと。
「あることないことを━する」「自慢話を━して歩く」
②〔古風〕宣伝。
「何とぞご━をおたのみ申します」","ふい","吹 → JPDB Kanji Freq: 748","漢字の読みを入力してください","Text"
"__瞬__ぐ｟自五｠
〔文〕まばたきをする。
「━もせずに見つめる」","まじろ","瞬 → JPDB Kanji Freq: 375","漢字の読みを入力してください","Text"
"__雑__炊，__雑__木林，__雑__兵","ゾウ","雑 → JPDB Kanji Freq: 813","漢字の読みを入力してください","Text"
"__精__げる
〔古風〕〔玄米などを〕ついて白くする。精白する。
「米を━」","しら","精 → JPDB Kanji Freq: 397","漢字の読みを入力してください","Text"
"比丘
［名］出家して定められた戒を受けた女子。尼僧。尼。
梵語の音写。","ビク","比 → JPDB Kanji Freq: 744,丘 → JPDB Kanji Freq: 1525","漢字の読みを入力してください","Text"
"__羽__毛，__羽__化，__羽__翼","ウ","羽 → JPDB Kanji Freq: 798","漢字の読みを入力してください","Text"
"法__皇__
〘歴〙仏門にはいった上皇。","オウ","皇 → JPDB Kanji Freq: 850","漢字の読みを入力してください","Text"
"__怪__しからん
［連語］道理・礼儀などにはずれていて許しがたい。ふとどきだ。
「挨拶にも来ないとは怪しからん」","け","怪 → JPDB Kanji Freq: 537","漢字の読みを入力してください","Text"
"__払__暁，__払__底","フツ","払 → JPDB Kanji Freq: 710","漢字の読みを入力してください","Text"
"__細__やか","ささ","細 → JPDB Kanji Freq: 546","漢字の読みを入力してください","Text"
"__殿__
①〔文〕軍隊の列の最後にある部隊。
②列のいちばんうしろ。
「━をつとめる・━人気の〔＝いちばん人気がない〕競走馬」","しんがり","殿 → JPDB Kanji Freq: 371","漢字の読みを入力してください","Text"
"__交__々，__交__｟副｠
①〔文〕入れかわり立ちかわり。かわるがわる。
「万感━・━語る」
②〔俗〕正反対のものが入りまじったようす。
「賛否━の意見」","こもごも,こも","交 → JPDB Kanji Freq: 379","漢字の読みを入力してください","Text"
"繁__盛__
〔商店などが〕にぎわって活気があること。
「商売━・━記〔＝繁盛の様子を書いた文章〕」","ジョウ","盛 → JPDB Kanji Freq: 825","漢字の読みを入力してください","Text"
"__末__子，__末__弟","バツ","末 → JPDB Kanji Freq: 701","漢字の読みを入力してください","Text"
"__論__う
〔おもに批判する気持ちで、また細かなことを取り上げて〕議論する。
「欠点を━・ささいなことを━」","あげつら","論 → JPDB Kanji Freq: 550","漢字の読みを入力してください","Text"
"__徒__，__徒__に
〘ダナ〙無益なさま。幾らしても、実りのないさま。「―に時間を費やす」","いたずら","徒 → JPDB Kanji Freq: 510","漢字の読みを入力してください","Text"
"御手洗","みたらし","御 → JPDB Kanji Freq: 463,洗 → JPDB Kanji Freq: 847,手 → JPDB Kanji Freq: 16","漢字の読みを入力してください","Text"
"精__米__，新__米__，白__米__","マイ","米 → JPDB Kanji Freq: 764","漢字の読みを入力してください","Text"
"__解__れる
結び目･縫い目などがほどける。「着物の裾が―れる」","ほつ","解 → JPDB Kanji Freq: 157","漢字の読みを入力してください","Text"
"__殺__める","あや","殺 → JPDB Kanji Freq: 161","漢字の読みを入力してください","Text"
"__表__，__表__門，裏__表__","おもて","表 → JPDB Kanji Freq: 190","漢字の読みを入力してください","Text"
"__頭__を振る","かぶり","頭 → JPDB Kanji Freq: 171","漢字の読みを入力してください","Text"
"__香__車","キョウ","香 → JPDB Kanji Freq: 663","漢字の読みを入力してください","Text"
"__術__
しかた。手段。
「なす━もない」","すべ","術 → JPDB Kanji Freq: 297","漢字の読みを入力してください","Text"
"__逆__鱗，__逆__鱗に触れる","ゲキ","逆 → JPDB Kanji Freq: 581","漢字の読みを入力してください","Text"
"__奥__義，深__奥__","オウ","奥 → JPDB Kanji Freq: 476","漢字の読みを入力してください","Text"
"__武__者人形，荒__武__者","ム","武 → JPDB Kanji Freq: 477","漢字の読みを入力してください","Text"
"__問__屋","とん","問 → JPDB Kanji Freq: 176","漢字の読みを入力してください","Text"
"__放__く
①はなつ。ひる。「屁を―く」
②はばかりなく言う。ぬかす。「見えすいたうそを―くな」","こ","放 → JPDB Kanji Freq: 243","漢字の読みを入力してください","Text"
"__験__を担ぐ，__験__がある，霊__験__","ゲン","験 → JPDB Kanji Freq: 486","漢字の読みを入力してください","Text"
"__緒__，鼻__緒__","お","緒 → JPDB Kanji Freq: 172","漢字の読みを入力してください","Text"
"__安__んぞ・焉んぞ","いずく","安 → JPDB Kanji Freq: 211","漢字の読みを入力してください","Text"
"__越__境，超__越__，優__越__","エツ","越 → JPDB Kanji Freq: 540","漢字の読みを入力してください","Text"
"__集__く","すだ","集 → JPDB Kanji Freq: 249","漢字の読みを入力してください","Text"
"__約__める，__約__まる
①短くする。縮める。
②要約する。","つづ","約 → JPDB Kanji Freq: 280","漢字の読みを入力してください","Text"
"__急__く｟自五｠
〔早くしようと思って〕あせる。心がはやる。
「気が━・急いては事をし損じる」","せ","急 → JPDB Kanji Freq: 275","漢字の読みを入力してください","Text"
"油__井__，市__井__","セイ","井 → JPDB Kanji Freq: 651","漢字の読みを入力してください","Text"
"__転__ぶ｟自五｠
〔雅〕ころがる。
「豆が━・こけつまろびつ」","まろ","転 → JPDB Kanji Freq: 300","漢字の読みを入力してください","Text"
"__長__ける
①じゅうぶんな状態になる。
「年長けた女」
②すぐれる。
「わざに━・才長けた男」","た","長 → JPDB Kanji Freq: 61","漢字の読みを入力してください","Text"
"__宮__司，神__宮__，東__宮__","グウ","宮 → JPDB Kanji Freq: 427","漢字の読みを入力してください","Text"
"__思__しい
〔…と━〕おもわれる。見える。
「犯人と━〔『思しき』とも〕男」","おぼ","思 → JPDB Kanji Freq: 15","漢字の読みを入力してください","Text"
"__和__尚","オ","和 → JPDB Kanji Freq: 367","漢字の読みを入力してください","Text"
"__神__主","かん","神 → JPDB Kanji Freq: 119","漢字の読みを入力してください","Text"
"__石__高，千__石__船","コク","石 → JPDB Kanji Freq: 354","漢字の読みを入力してください","Text"
"__動__もすれば
とかくそうなりがちだという意を表す。ともすれば。どうかすると。
「話は動もすればとぎれがちになる」","やや","動 → JPDB Kanji Freq: 53","漢字の読みを入力してください","Text"
"身の__代__金，身__代__金，__代__物，苗__代__","しろ","代 → JPDB Kanji Freq: 144","漢字の読みを入力してください","Text"
"__礼__賛，__礼__拝","ライ","礼 → JPDB Kanji Freq: 350","漢字の読みを入力してください","Text"
"__強__ち
［副ニ］全面的に断定できないという話し手の気持ちを表す。一概に。必ずしも。
「彼女の主張は強ち間違いとは言えない」
「社長の言い分も強ちに否定はできない」
ふつう下に打ち消しを伴う。","あなが","強 → JPDB Kanji Freq: 106","漢字の読みを入力してください","Text"
"__愛__でる
①愛する。いつくしむ。特に、その美しさやすばらしさを愛好する。「花を―でる」
②ほめる。心が動かされる。","め","愛 → JPDB Kanji Freq: 148","漢字の読みを入力してください","Text"
"__戦__ぐ
①そよ風にふかれて〈動く／動いて音を立てる〉。
「葉が風に━」
②そよそよとふく。
「秋風が━」","そよ","戦 → JPDB Kanji Freq: 66","漢字の読みを入力してください","Text"
"__抜__刀，__抜__群，選__抜__","バツ","抜 → JPDB Kanji Freq: 302","漢字の読みを入力してください","Text"
"__結__く
糸や縄を編んでつなげる。「魚をとる網を―く」","す","結 → JPDB Kanji Freq: 121","漢字の読みを入力してください","Text"
"__戦__，勝ち__戦__","いくさ","戦 → JPDB Kanji Freq: 66","漢字の読みを入力してください","Text"
"憤__怒__","ヌ","怒 → JPDB Kanji Freq: 455","漢字の読みを入力してください","Text"
"__小__路
［名］家と家に挟まれた幅のせまい道。（↔大路(おおじ)）
「こみち」の転。","こう","小 → JPDB Kanji Freq: 111","漢字の読みを入力してください","Text"
"__実__しやか","まこと","実 → JPDB Kanji Freq: 84","漢字の読みを入力してください","Text"
"__外__つ国","と","外 → JPDB Kanji Freq: 104","漢字の読みを入力してください","Text"
"__僕__・下部 (ノラガミ)
〔文〕めし使い。下男。","しもべ","僕 → JPDB Kanji Freq: 65","漢字の読みを入力してください","Text"
"幾__許__","バク","許 → JPDB Kanji Freq: 377","漢字の読みを入力してください","Text"
"磁__石__
❶鉄を引きつける性質をもつ物。
❷針の位置から南北の方角を知るのに使う道具。コンパス。","シャク","石 → JPDB Kanji Freq: 354","漢字の読みを入力してください","Text"
"__自__ずから","おの","自 → JPDB Kanji Freq: 28","漢字の読みを入力してください","Text"
"__内__裏，参__内__","ダイ","内 → JPDB Kanji Freq: 141","漢字の読みを入力してください","Text"
"音__頭__，東京音__頭__
❶多くの人がおどったり歌ったりすること。また、その歌やおどり。例: 東京音頭。
❷ほかの人の先に立って、物ごとをすること。","ト,ど","頭 → JPDB Kanji Freq: 171","漢字の読みを入力してください","Text"
"__法__主，__法__相宗
〘仏〙その宗のかしら。","ホッ","法 → JPDB Kanji Freq: 159","漢字の読みを入力してください","Text"
"__田__地，水__田__，油__田__","デン","田 → JPDB Kanji Freq: 218","漢字の読みを入力してください","Text"
"__殺__生","セツ","殺 → JPDB Kanji Freq: 161","漢字の読みを入力してください","Text"
"__体__裁，風__体__，這う這うの__体__","テイ","体 → JPDB Kanji Freq: 42","漢字の読みを入力してください","Text"
"給__仕__
①食事のせわをする〈こと／人〉。
「お━する」
②もと、店や会社などで、いろいろの用事をした使用人。","ジ","仕 → JPDB Kanji Freq: 117","漢字の読みを入力してください","Text"
"__宛__ら
ちょうど。まるで。そっくり。
例 本番宛らの練習。",さなが,宛 → JPDB Kanji Freq: 2029,漢字の読みを入力してください,Text
