Question,Answers,Comment,Instructions,Render as
対義・虚偽,事実,,対義,Text
対義・切開,縫合,,対義,Text
対義・柔弱,剛健,,対義,Text
対義・撤回,提出,,対義,Text
対義・首領,配下,,対義,Text
対義・地獄,極楽,,対義,Text
対義・多忙,閑散,,対義,Text
対義・抽象,具体,,対義,Text
対義・豪華,質素,,対義,Text
対義・繊細,大胆,,対義,Text
対義・喪失,獲得,,対義,Text
対義・性急,悠長,,対義,Text
対義・勃興,衰亡,,対義,Text
対義・消耗,蓄積,,対義,Text
対義・威圧,懐柔,,対義,Text
対義・逸材,凡才,,対義,Text
対義・進撃,退却,,対義,Text
対義・高慢,謙虚,,対義,Text
対義・甚大,軽微,,対義,Text
対義・実像,虚像,,対義,Text
対義・必然,偶然,,対義,Text
対義・貫徹,挫折,,対義,Text
対義・反抗,恭順,,対義,Text
対義・明朗,陰鬱,,対義,Text
対義・愛好,嫌悪,,対義,Text
対義・自立,従属,,対義,Text
対義・治癒,発病,,対義,Text
対義・穏健,過激,,対義,Text
対義・給水,断水,,対義,Text
対義・遵守,違反,,対義,Text
対義・尊敬,軽侮,,対義,Text
対義・粗略,丁重,,対義,Text
対義・簡略,詳細,,対義,Text
対義・簡潔,冗漫,,対義,Text
対義・真実,虚偽,,対義,Text
対義・哀悼,慶賀,,対義,Text
対義・所詮,結局,,対義,Text
対義・拒否,受諾,,対義,Text
対義・粗大,細密,,対義,Text
対義・濃艶,枯淡,,対義,Text
対義・老巧,稚拙,,対義,Text
対義・妥結,決裂,,対義,Text
対義・恥辱,名誉,,対義,Text
対義・閑暇,多忙,,対義,Text
対義・罪過,功績,,対義,Text
対義・濃縮,希釈,,対義,Text
対義・剝奪,付与,,対義,Text
対義・強固,薄弱,,対義,Text
対義・濃厚,淡白,,対義,Text
対義・凡人,傑物,,対義,Text
対義・頒布,回収,,対義,Text
対義・堕落,更生,,対義,Text
対義・肥沃,不毛,,対義,Text
対義・一致,相違,,対義,Text
対義・質疑,応答,,対義,Text
対義・落胆,発奮,,対義,Text
対義・充足,欠乏,,対義,Text
対義・削除,添加,,対義,Text
対義・阻害,助長,,対義,Text
対義・特殊,普遍,,対義,Text
対義・低俗,高雅,,対義,Text
対義・倹約,浪費,,対義,Text
対義・諮問,答申,,対義,Text
対義・派遣,召還,,対義,Text
対義・騰貴,下落,,対義,Text
対義・寡黙,多弁,,対義,Text
対義・屈曲,伸張,,対義,Text
対義・狭小,遠大,,対義,Text
対義・削減,追加,,対義,Text
対義・浪費,節約,,対義,Text
対義・協力,妨害,,対義,Text
対義・私用,公務,,対義,Text
対義・採用,解雇,,対義,Text
対義・鮮明,漠然,,対義,Text
対義・欠乏,豊富,,対義,Text
対義・卑下,自慢,,対義,Text
対義・温暖,寒冷,,対義,Text
対義・高尚,低俗,,対義,Text
対義・一斉,個別,,対義,Text
対義・浅見,卓見,,対義,Text
対義・隆起,埋没,,対義,Text
対義・国産,舶来,,対義,Text
対義・攻撃,防御,,対義,Text
対義・解放,束縛,,対義,Text
対義・暗愚,賢明,,対義,Text
対義・凡庸,偉大,,対義,Text
対義・謙虚,横柄,,対義,Text
対義・秘匿,暴露,,対義,Text
対義・略述,詳述,,対義,Text
対義・雑種,純系,,対義,Text
対義・融解,凝固,,対義,Text
対義・筆算,暗算,,対義,Text
対義・能筆,悪筆,,対義,Text
対義・逮捕,釈放,,対義,Text
対義・湿潤,乾燥,,対義,Text
対義・鎮静,興奮,,対義,Text
対義・厳寒,猛暑,,対義,Text
対義・撤去,設置,,対義,Text
対義・直喩,隠喩,,対義,Text
対義・微細,巨大,,対義,Text
対義・枯渇,潤沢,,対義,Text
対義・丁寧,粗略,,対義,Text
対義・平野,山岳,,対義,Text
対義・好転,悪化,,対義,Text
対義・薄暮,払暁,,対義,Text
対義・零落,栄達,,対義,Text
対義・拘束,解放,,対義,Text
対義・模倣,独創,,対義,Text
対義・秩序,混乱,,対義,Text
対義・中庸,極端,,対義,Text
対義・漆黒,純白,,対義,Text
対義・固定,変動,,対義,Text
対義・繁栄,衰微,,対義,Text
対義・停頓,進展,,対義,Text
対義・飢餓,飽食,,対義,Text
対義・熱烈,冷静,,対義,Text
対義・古豪,新鋭,,対義,Text
対義・明瞭,曖昧,,対義,Text
対義・購入,販売,,対義,Text
対義・語幹,語尾,,対義,Text
対義・分析,総合,,対義,Text
対義・享楽,禁欲,,対義,Text
対義・未開,文明,,対義,Text
対義・往路,帰路,,対義,Text
対義・栄転,左遷,,対義,Text
対義・断念,執着,,対義,Text
対義・愛護,虐待,,対義,Text
対義・廃止,存続,,対義,Text
対義・原則,例外,,対義,Text
対義・酷評,賛辞,,対義,Text
対義・拙劣,巧妙,,対義,Text
対義・連続,断続,,対義,Text
対義・概略,委細,,対義,Text
対義・懲罰,褒賞,,対義,Text
対義・善良,邪悪,,対義,Text
対義・疎遠,親密,,対義,Text
対義・釈放,検挙,,対義,Text
対義・祝賀,哀悼,,対義,Text
対義・事実,虚構,,対義,Text
対義・追加,削除,,対義,Text
対義・浮上,沈降,,対義,Text
対義・無口,多弁,,対義,Text
対義・拒絶,承諾,,対義,Text
対義・下賜,献上,,対義,Text
対義・概要,詳細,,対義,Text
対義・撤退,進出,,対義,Text
対義・裕福,貧乏,,対義,Text
対義・匿名,記名,,対義,Text
対義・侮辱,尊敬,,対義,Text
対義・絶賛,酷評,,対義,Text
類義・提起,発議,,類義,Text
類義・換気,通風,,類義,Text
類義・拠点,基地,,類義,Text
類義・勾配,傾斜,,類義,Text
類義・幽閉,監禁,,類義,Text
類義・隆盛,繁栄,,類義,Text
類義・息災,無事,,類義,Text
類義・機嫌,気分,,類義,Text
類義・次第,順序,,類義,Text
類義・専念,没頭,,類義,Text
類義・威嚇,脅迫,,類義,Text
類義・氾濫,洪水,,類義,Text
類義・畏敬,尊敬,,類義,Text
類義・諧和,協調,,類義,Text
類義・勘弁,堪忍,,類義,Text
類義・浴槽,湯船,,類義,Text
類義・溺愛,盲愛,,類義,Text
類義・重視,尊重,,類義,Text
類義・前途,将来,,類義,Text
類義・釈明,弁解,,類義,Text
類義・実績,成果,,類義,Text
類義・心配,憂慮,,類義,Text
類義・偽作,模造,,類義,Text
類義・会釈,挨拶,,類義,Text
類義・壮挙,雄図,,類義,Text
類義・注意,用心,,類義,Text
類義・余剰,余分,,類義,Text
類義・消息,沙汰,,類義,Text
類義・逝去,死亡,,類義,Text
類義・親類,縁者,,類義,Text
類義・克明,入念,,類義,Text
類義・抄録,抜粋,,類義,Text
類義・特有,独自,,類義,Text
類義・承知,了解,,類義,Text
類義・豊富,潤沢,,類義,Text
類義・遺憾,残念,,類義,Text
類義・困窮,貧乏,,類義,Text
類義・親睦,懇親,,類義,Text
類義・捻出,工面,,類義,Text
類義・肯定,是認,,類義,Text
類義・良風,美俗,,類義,Text
類義・流浪,漂泊,,類義,Text
類義・諦念,観念,,類義,Text
類義・粗悪,悪質,,類義,Text
類義・双方,両者,,類義,Text
類義・意図,魂胆,,類義,Text
類義・疑惑,不審,,類義,Text
類義・借金,負債,,類義,Text
類義・素直,純朴,,類義,Text
類義・満悦,愉悦,,類義,Text
類義・心酔,傾倒,,類義,Text
類義・冠省,前略,,類義,Text
類義・中枢,核心,,類義,Text
類義・絶壁,懸崖,,類義,Text
類義・親友,知己,,類義,Text
類義・接待,応対,,類義,Text
類義・明白,歴然,,類義,Text
類義・根絶,撲滅,,類義,Text
類義・敬服,感心,,類義,Text
類義・大要,概略,,類義,Text
類義・失望,落胆,,類義,Text
類義・安泰,平穏,,類義,Text
類義・懸念,心配,,類義,Text
類義・唐突,不意,,類義,Text
類義・利発,賢明,,類義,Text
類義・奔走,尽力,,類義,Text
類義・遠路,長途,,類義,Text
類義・往生,死去,,類義,Text
類義・重宝,便利,,類義,Text
類義・嘱望,期待,,類義,Text
類義・道徳,倫理,,類義,Text
類義・架空,虚構,,類義,Text
類義・介抱,看護,,類義,Text
類義・援護,扶助,,類義,Text
類義・永劫,恒久,,類義,Text
類義・辛苦,苦労,,類義,Text
類義・傑物,偉人,,類義,Text
類義・梗概,粗筋,,類義,Text
類義・普請,工事,,類義,Text
類義・陳列,展示,,類義,Text
類義・歴然,顕著,,類義,Text
類義・手柄,功績,,類義,Text
類義・卓越,抜群,,類義,Text
類義・丹念,克明,,類義,Text
類義・辛酸,苦難,,類義,Text
類義・功名,殊勲,,類義,Text
類義・紛糾,混乱,,類義,Text
類義・星霜,歳月,,類義,Text
類義・深慮,深思,,類義,Text
類義・莫大,甚大,,類義,Text
類義・誘導,案内,,類義,Text
類義・技量,手腕,,類義,Text
類義・良俗,美風,,類義,Text
類義・機転,才覚,,類義,Text
類義・名誉,光栄,,類義,Text
類義・愚行,痴態,,類義,Text
類義・懲戒,処罰,,類義,Text
類義・役人,官吏,,類義,Text
類義・適切,妥当,,類義,Text
類義・期待,失望,,類義,Text
類義・爽涼,清涼,,類義,Text
類義・盛衰,興廃,,類義,Text
類義・承認,許可,,類義,Text
類義・未熟,幼稚,,類義,Text
類義・傑出,卓抜,,類義,Text
類義・退治,征伐,,類義,Text
類義・談判,折衝,,類義,Text
類義・横着,怠慢,,類義,Text
類義・報酬,手当,,類義,Text
類義・回復,治癒,,類義,Text
類義・勘定,計算,,類義,Text
類義・貢献,寄与,,類義,Text
類義・音信,消息,,類義,Text
類義・傍観,座視,,類義,Text
類義・邪魔,妨害,,類義,Text
類義・概説,汎論,,類義,Text
類義・懇意,親密,,類義,Text
類義・寸志,薄謝,,類義,Text
類義・貧困,窮乏,,類義,Text
類義・友好,親睦,,類義,Text
類義・均衡,調和,,類義,Text
類義・書状,手紙,,類義,Text
類義・追憶,回顧,,類義,Text
類義・難点,欠陥,,類義,Text
類義・分別,思慮,,類義,Text
類義・解雇,免職,,類義,Text
類義・了解,納得,,類義,Text
類義・沿革,変遷,,類義,Text
類義・変遷,推移,,類義,Text
類義・罷免,解雇,,類義,Text
類義・模範,手本,,類義,Text
類義・降格,左遷,,類義,Text
類義・考慮,勘案,,類義,Text
類義・刹那,瞬時,,類義,Text
類義・愚図,遅鈍,,類義,Text
類義・厳粛,荘重,,類義,Text
類義・邸宅,屋敷,,類義,Text
類義・通暁,熟知,,類義,Text
類義・先途,他界,,類義,Text
類義・折衝,交渉,,類義,Text
類義・普遍,一般,,類義,Text
類義・頑迷,偏屈,,類義,Text
類義・強壮,頑丈,,類義,Text
類義・熟考,心算,,類義,Text
類義・陣地,拠点,,類義,Text
類義・背徳,堕落,,類義,Text
類義・搭載,積載,,類義,Text
類義・吟味,検討,,類義,Text
類義・忍耐,辛抱,,類義,Text
類義・飢渇,飢餓,,類義,Text